﻿oid,name,description,state,startDate,endDate,createDate,updateDate,createBy,updateBy,lockedBy,targetEntity,role,canCreate,createCondition,createPropertyControlType,createPropertyList,canReference,referenceCondition,referencePropertyControlType,referencePropertyList,canUpdate,updateCondition,updatePropertyControlType,updatePropertyList,canDelete,deleteCondition
EC2315058,EC01(UserPermissionOpe),,V,,,2018-05-23 16:19:42.898+09:00,2018-05-23 16:19:42.898+09:00,62779,62779,,mtp.auth.User,EC2315054.0,0,,,,1,oid = '${user.oid}',,,0,,,,0,
EC2315059,EC01(ProductPermissionOpe),,V,,,2018-05-23 16:19:42.913+09:00,2018-05-23 16:29:40.896+09:00,62779,62779,,samples.ec01.products.Product,EC2315054.0,0,,,,1,,D,cost,1,,E,stockCnt,0,
EC2315060,EC01(UserPermissionMgr),,V,,,2018-05-23 16:19:42.929+09:00,2018-05-23 18:07:57.750+09:00,62779,62779,,mtp.auth.User,EC2315055.0,0,,,,1,,,,0,,,,0,
EC2315061,EC01(ProductPermissionMgr),,V,,,2018-05-23 16:19:42.929+09:00,2018-05-23 16:27:48.607+09:00,62779,62779,,samples.ec01.products.Product,EC2315055.0,1,,,,1,,,,1,,,,1,
EC2315062,EC01(ProductPermissionEveryone),,V,,,2018-05-23 16:19:42.944+09:00,2018-05-23 16:19:42.944+09:00,62779,62779,,samples.ec01.products.Product,EC2315053.0,0,,,,1,,D,cost,0,,,,0,
EC2315063,EC01(UserPermissionPub),,V,,,2018-05-23 16:19:42.960+09:00,2018-05-23 18:09:00.197+09:00,62779,62779,,mtp.auth.User,EC2315056.0,0,,,,1,oid = '${user.oid}',E,"accountId,firstName,lastName,mail,firstNameKana,lastNameKana",0,,,,0,
