﻿oid,name,description,state,startDate,endDate,createDate,updateDate,createBy,updateBy,lockedBy,content,language
EC011920369,会員規約,,V,,,2018-05-02 15:39:11.603+09:00,2018-05-02 15:39:11.603+09:00,2315965,2315965,,"<h1 style=""font-style: normal; font-variant: normal; letter-spacing: normal; orphans: auto; text-align: start; text-indent: 0px; text-transform: none; white-space: normal; widows: auto; word-spacing: 0px; -webkit-text-stroke-width: 0px; font-family: Arial, Verdana, Helvetica, sans-serif; font-size: 1.7em; line-height: 1.2em; font-weight: normal; margin-bottom: 5px; background-color: rgb(255, 255, 255); color: rgb(227, 120, 16) !important;"">
	ECサイト会員規約</h1>
<p style=""color: rgb(0, 0, 0); font-style: normal; font-variant: normal; font-weight: normal; letter-spacing: normal; orphans: auto; text-align: start; text-indent: 0px; text-transform: none; white-space: normal; widows: auto; word-spacing: 0px; -webkit-text-stroke-width: 0px; font-family: Arial; font-size: 13px; line-height: 20px; background-color: rgb(255, 255, 255);"">
	最終更新日: 2018年2月1日<br />
	<br />
	<span style=""font-size: 14px;"">ECサイト の製品およびサービス（以下「本サービス」）をご利用いただきありがとうございます。</span><br />
	<span style=""font-size: 14px;"">ユーザーは、本サービスを利用することにより、本規約に同意することになります。以下を注意してお読みください。</span></p>
<div style=""color: rgb(0, 0, 0); font-family: 'MS PGothic'; font-size: medium; font-style: normal; font-variant: normal; font-weight: normal; letter-spacing: normal; line-height: normal; orphans: auto; text-align: start; text-indent: 0px; text-transform: none; white-space: normal; widows: auto; word-spacing: 0px; -webkit-text-stroke-width: 0px;"">
	&nbsp;</div>
<div style=""color: rgb(0, 0, 0); font-family: 'MS PGothic'; font-size: medium; font-style: normal; font-variant: normal; font-weight: normal; letter-spacing: normal; line-height: normal; orphans: auto; text-align: start; text-indent: 0px; text-transform: none; white-space: normal; widows: auto; word-spacing: 0px; -webkit-text-stroke-width: 0px;"">
	<a name=""participation"" style=""color: rgb(0, 75, 145); font-family: Arial; font-size: 13px; line-height: 20px; background-color: rgb(255, 255, 255);""></a></div>
<h2 style=""font-style: normal; font-variant: normal; letter-spacing: normal; orphans: auto; text-align: start; text-indent: 0px; text-transform: none; white-space: normal; widows: auto; word-spacing: 0px; -webkit-text-stroke-width: 0px; border-bottom-width: 1px; border-bottom-style: solid; border-bottom-color: rgb(221, 221, 221); font-family: Arial, Verdana, Helvetica, sans-serif; font-size: 1.3em; margin-bottom: 0px; padding-bottom: 2px; padding-top: 1em; line-height: 20px; background-color: rgb(255, 255, 255); color: rgb(227, 120, 16) !important;"">
	<strong>1. 本サービスのご利用</strong></h2>
<div style=""color: rgb(0, 0, 0); font-family: 'MS PGothic'; font-size: medium; font-style: normal; font-variant: normal; font-weight: normal; letter-spacing: normal; line-height: normal; orphans: auto; text-align: start; text-indent: 0px; text-transform: none; white-space: normal; widows: auto; word-spacing: 0px; -webkit-text-stroke-width: 0px;"">
	<span style=""font-size: 14px;"">本サービス内で入手できるすべてのポリシーを遵守してください。</span></div>
<div style=""color: rgb(0, 0, 0); font-family: 'MS PGothic'; font-size: medium; font-style: normal; font-variant: normal; font-weight: normal; letter-spacing: normal; line-height: normal; orphans: auto; text-align: start; text-indent: 0px; text-transform: none; white-space: normal; widows: auto; word-spacing: 0px; -webkit-text-stroke-width: 0px;"">
	<span style=""font-size: 14px;"">本サービスを不正に利用しないでください。たとえば、本サービスの妨害や、ECサイト が提供するインターフェースおよび手順以外の方法による本サービスへのアクセスを試みてはなりません。ユーザーは、法律（輸出、再輸出に関して適用される法規制を含みます）で認められている場合に限り、本サービスを利用することができます。ユーザーが ECサイト の規約やポリシーを遵守しない場合、または ECサイト が不正行為と疑う行為について調査を行う場合に、ECサイト はユーザーに対する本サービスの提供を一時停止または停止することができます。</span><br />
	&nbsp;</div>
<div style=""color: rgb(0, 0, 0); font-family: 'MS PGothic'; font-size: medium; font-style: normal; font-variant: normal; font-weight: normal; letter-spacing: normal; line-height: normal; orphans: auto; text-align: start; text-indent: 0px; text-transform: none; white-space: normal; widows: auto; word-spacing: 0px; -webkit-text-stroke-width: 0px;"">
	<a name=""titles"" style=""color: rgb(0, 75, 145); font-family: Arial; font-size: 13px; line-height: 20px; background-color: rgb(255, 255, 255);""></a></div>
<h2 style=""font-style: normal; font-variant: normal; letter-spacing: normal; orphans: auto; text-align: start; text-indent: 0px; text-transform: none; white-space: normal; widows: auto; word-spacing: 0px; -webkit-text-stroke-width: 0px; border-bottom-width: 1px; border-bottom-style: solid; border-bottom-color: rgb(221, 221, 221); font-family: Arial, Verdana, Helvetica, sans-serif; font-size: 1.3em; margin-bottom: 0px; padding-bottom: 2px; padding-top: 1em; line-height: 20px; background-color: rgb(255, 255, 255); color: rgb(227, 120, 16) !important;"">
	<strong>2. 本サービスの変更または終了</strong></h2>
<div style=""color: rgb(0, 0, 0); font-family: 'MS PGothic'; font-size: medium; font-style: normal; font-variant: normal; font-weight: normal; letter-spacing: normal; line-height: normal; orphans: auto; text-align: start; text-indent: 0px; text-transform: none; white-space: normal; widows: auto; word-spacing: 0px; -webkit-text-stroke-width: 0px;"">
	<span style=""font-size: 14px;"">ECサイト は、常に本サービスの変更および改善を行っています。ECサイト は、機能性や機能の追加や削除を行うことができ、本サービス全体を一時停止または終了することができます。</span></div>
<div style=""color: rgb(0, 0, 0); font-family: 'MS PGothic'; font-size: medium; font-style: normal; font-variant: normal; font-weight: normal; letter-spacing: normal; line-height: normal; orphans: auto; text-align: start; text-indent: 0px; text-transform: none; white-space: normal; widows: auto; word-spacing: 0px; -webkit-text-stroke-width: 0px;"">
	<span style=""font-size: 14px;"">ユーザーはいつでも本サービスの利用を終了することができます。ECサイト もいつでも、ユーザーに対する本サービスの提供を停止し、または、本サービスに対する制限を追加または新規に設定することができます。<br />
	<br />
	<a name=""orderrequest"" style=""color: rgb(0, 75, 145); font-family: Arial; font-size: 13px; line-height: 20px; background-color: rgb(255, 255, 255);""></a></span></div>
<h2 style=""font-style: normal; font-variant: normal; letter-spacing: normal; orphans: auto; text-align: start; text-indent: 0px; text-transform: none; white-space: normal; widows: auto; word-spacing: 0px; -webkit-text-stroke-width: 0px; border-bottom-width: 1px; border-bottom-style: solid; border-bottom-color: rgb(221, 221, 221); font-family: Arial, Verdana, Helvetica, sans-serif; font-size: 1.3em; margin-bottom: 0px; padding-bottom: 2px; padding-top: 1em; line-height: 20px; background-color: rgb(255, 255, 255); color: rgb(227, 120, 16) !important;"">
	<strong>3. 保証および免責</strong></h2>
<div style=""color: rgb(0, 0, 0); font-family: 'MS PGothic'; font-size: medium; font-style: normal; font-variant: normal; font-weight: normal; letter-spacing: normal; line-height: normal; orphans: auto; text-align: start; text-indent: 0px; text-transform: none; white-space: normal; widows: auto; word-spacing: 0px; -webkit-text-stroke-width: 0px;"">
	<span style=""font-size: 14px;""><span style=""font-family: 'ｍｓ ｐゴシック';"">ECサイト は、商業上合理的な水準の技術および注意のもとに本サービスを提供し、ユーザーに本サービスの利用を楽しんでいただくことを望んでいますが、本サービスについて約束できないことがあります。</span></span></div>
<div style=""color: rgb(0, 0, 0); font-family: 'MS PGothic'; font-size: medium; font-style: normal; font-variant: normal; font-weight: normal; letter-spacing: normal; line-height: normal; orphans: auto; text-align: start; text-indent: 0px; text-transform: none; white-space: normal; widows: auto; word-spacing: 0px; -webkit-text-stroke-width: 0px;"">
	<span style=""font-size: 14px;""><span style=""font-family: 'ｍｓ ｐゴシック';"">本規約または追加規定に明示的に規定されている場合を除き、ECサイト またはそのサプライヤーもしくはディストリビューターのいずれも、本サービスについて具体的な保証を行いません。たとえば ECサイト は、本サービス内のコンテンツ、本サービスの特定の機能、その信頼性、利用可能性、またはユーザーのニーズに応える能力について、何らの約束もしません。本サービスは「現状有姿で」提供されます。</span></span></div>
<div style=""color: rgb(0, 0, 0); font-family: 'MS PGothic'; font-size: medium; font-style: normal; font-variant: normal; font-weight: normal; letter-spacing: normal; line-height: normal; orphans: auto; text-align: start; text-indent: 0px; text-transform: none; white-space: normal; widows: auto; word-spacing: 0px; -webkit-text-stroke-width: 0px;"">
	<span style=""font-size: 14px;""><span style=""font-family: 'ｍｓ ｐゴシック';"">一部の法域においては、商品性、特定の目的への適合性、および権利の侵害がないことに関する黙示保証などの保証が認められることがあります。法律で許されている範囲内で、ECサイト はすべての保証を排除します。</span></span><br />
	&nbsp;</div>
<div style=""color: rgb(0, 0, 0); font-family: 'MS PGothic'; font-size: medium; font-style: normal; font-variant: normal; font-weight: normal; letter-spacing: normal; line-height: normal; orphans: auto; text-align: start; text-indent: 0px; text-transform: none; white-space: normal; widows: auto; word-spacing: 0px; -webkit-text-stroke-width: 0px;"">
	<a name=""order"" style=""color: rgb(0, 75, 145); font-family: Arial; font-size: 13px; line-height: 20px; background-color: rgb(255, 255, 255);""></a></div>
<h2 style=""font-style: normal; font-variant: normal; letter-spacing: normal; orphans: auto; text-align: start; text-indent: 0px; text-transform: none; white-space: normal; widows: auto; word-spacing: 0px; -webkit-text-stroke-width: 0px; border-bottom-width: 1px; border-bottom-style: solid; border-bottom-color: rgb(221, 221, 221); font-family: Arial, Verdana, Helvetica, sans-serif; font-size: 1.3em; margin-bottom: 0px; padding-bottom: 2px; padding-top: 1em; line-height: 20px; background-color: rgb(255, 255, 255); color: rgb(227, 120, 16) !important;"">
	<strong>4. 本規約について</strong></h2>
<div style=""color: rgb(0, 0, 0); font-family: 'MS PGothic'; font-size: medium; font-style: normal; font-variant: normal; font-weight: normal; letter-spacing: normal; line-height: normal; orphans: auto; text-align: start; text-indent: 0px; text-transform: none; white-space: normal; widows: auto; word-spacing: 0px; -webkit-text-stroke-width: 0px;"">
	<span style=""font-size: 14px;""><span style=""font-family: 'ｍｓ ｐゴシック';"">ECサイト は、たとえば、法律の改正または本サービスの変更を反映するために、本サービスに適用する本規約または特定の本サービスについての追加規定を修正することがあります。ユーザーは定期的に本規約をご確認ください。ECサイト は、本規約の修正に関する通知をこのページに表示します。</span></span></div>
<br class=""Apple-interchange-newline"" />
",ja
EC011920370,Membership Agreement,,V,,,2018-05-02 15:39:11.634+09:00,2018-05-02 15:39:11.634+09:00,2315965,2315965,,"<h1 style=""font-style: normal; font-variant: normal; letter-spacing: normal; orphans: auto; text-align: start; text-indent: 0px; text-transform: none; white-space: normal; widows: auto; word-spacing: 0px; -webkit-text-stroke-width: 0px; font-family: Arial, Verdana, Helvetica, sans-serif; font-size: 1.7em; line-height: 1.2em; font-weight: normal; margin-bottom: 5px; background-color: rgb(255, 255, 255); color: rgb(227, 120, 16) !important;"">
	ECsite&nbsp;Membership Agreement</h1>
<p style=""color: rgb(0, 0, 0); font-style: normal; font-variant: normal; font-weight: normal; letter-spacing: normal; orphans: auto; text-align: start; text-indent: 0px; text-transform: none; white-space: normal; widows: auto; word-spacing: 0px; -webkit-text-stroke-width: 0px; font-family: Arial; font-size: 13px; line-height: 20px; background-color: rgb(255, 255, 255);"">
	Last modified: January　1, 2018</p>
<p style=""color: rgb(0, 0, 0); font-family: 'MS PGothic'; font-size: medium; font-style: normal; font-variant: normal; font-weight: normal; letter-spacing: normal; orphans: auto; text-align: start; text-indent: 0px; text-transform: none; white-space: normal; widows: auto; word-spacing: 0px; -webkit-text-stroke-width: 0px; margin: 0mm 0mm 8.35pt; line-height: 16.75pt; background-color: white; background-position: initial initial; background-repeat: initial initial;"">
	<span lang=""EN-US"" style=""font-size: 11pt; font-family: Arial, sans-serif;"">Thanks for using our products and services (&ldquo;Services&rdquo;).</span><span style=""font-family: Arial, sans-serif; font-size: 11pt; line-height: 16.75pt;"">By using our Services, you are agreeing to these terms. Please read them carefully.</span></p>
<div style=""color: rgb(0, 0, 0); font-family: 'MS PGothic'; font-size: medium; font-style: normal; font-variant: normal; font-weight: normal; letter-spacing: normal; line-height: normal; orphans: auto; text-align: start; text-indent: 0px; text-transform: none; white-space: normal; widows: auto; word-spacing: 0px; -webkit-text-stroke-width: 0px;"">
	<a name=""participation"" style=""color: rgb(0, 75, 145); font-family: Arial; font-size: 13px; line-height: 20px; background-color: rgb(255, 255, 255);""></a></div>
<h2 style=""font-style: normal; font-variant: normal; letter-spacing: normal; orphans: auto; text-align: start; text-indent: 0px; text-transform: none; white-space: normal; widows: auto; word-spacing: 0px; -webkit-text-stroke-width: 0px; border-bottom-width: 1px; border-bottom-style: solid; border-bottom-color: rgb(221, 221, 221); font-family: Arial, Verdana, Helvetica, sans-serif; font-size: 1.3em; margin-bottom: 0px; padding-bottom: 2px; padding-top: 1em; line-height: 20px; background-color: rgb(255, 255, 255); color: rgb(227, 120, 16) !important;"">
	<strong>1.<span class=""Apple-converted-space"">&nbsp;</span></strong><span style=""font-family: Arial, sans-serif; font-size: 13.5pt; line-height: 16.75pt;"">Using our Services</span></h2>
<div style=""color: rgb(0, 0, 0); font-family: 'MS PGothic'; font-size: medium; font-style: normal; font-variant: normal; font-weight: normal; letter-spacing: normal; line-height: normal; orphans: auto; text-align: start; text-indent: 0px; text-transform: none; white-space: normal; widows: auto; word-spacing: 0px; -webkit-text-stroke-width: 0px;"">
	<p style=""margin: 0mm 0mm 8.35pt; line-height: 16.75pt; background-color: white; background-position: initial initial; background-repeat: initial initial;"">
		<span lang=""EN-US"" style=""font-size: 11pt; font-family: Arial, sans-serif;"">You must follow any policies made available to you within the Services.</span></p>
	<p style=""margin: 8.35pt 0mm; line-height: 16.75pt; background-color: white;"">
		<span lang=""EN-US"" style=""font-size: 11pt; font-family: Arial, sans-serif;"">Don&rsquo;t misuse our Services. For example, don&rsquo;t interfere with our Services or try to access them using a method other than the interface and the instructions that we provide. You may use our Services only as permitted by law, including applicable export and re-export control laws and regulations. We may suspend or stop providing our Services to you if you do not comply with our terms or policies or if we are investigating suspected misconduct.</span></p>
</div>
<div style=""color: rgb(0, 0, 0); font-family: 'MS PGothic'; font-size: medium; font-style: normal; font-variant: normal; font-weight: normal; letter-spacing: normal; line-height: normal; orphans: auto; text-align: start; text-indent: 0px; text-transform: none; white-space: normal; widows: auto; word-spacing: 0px; -webkit-text-stroke-width: 0px;"">
	&nbsp;</div>
<div style=""color: rgb(0, 0, 0); font-family: 'MS PGothic'; font-size: medium; font-style: normal; font-variant: normal; font-weight: normal; letter-spacing: normal; line-height: normal; orphans: auto; text-align: start; text-indent: 0px; text-transform: none; white-space: normal; widows: auto; word-spacing: 0px; -webkit-text-stroke-width: 0px;"">
	<a name=""titles"" style=""color: rgb(0, 75, 145); font-family: Arial; font-size: 13px; line-height: 20px; background-color: rgb(255, 255, 255);""></a></div>
<h2 style=""font-style: normal; font-variant: normal; letter-spacing: normal; orphans: auto; text-align: start; text-indent: 0px; text-transform: none; white-space: normal; widows: auto; word-spacing: 0px; -webkit-text-stroke-width: 0px; border-bottom-width: 1px; border-bottom-style: solid; border-bottom-color: rgb(221, 221, 221); font-family: Arial, Verdana, Helvetica, sans-serif; font-size: 1.3em; margin-bottom: 0px; padding-bottom: 2px; padding-top: 1em; line-height: 20px; background-color: rgb(255, 255, 255); color: rgb(227, 120, 16) !important;"">
	<strong>2.&nbsp;</strong><span style=""font-family: Arial, sans-serif; font-size: 13.5pt; line-height: 16.75pt;"">Modifying and Terminating our Services</span></h2>
<div style=""color: rgb(0, 0, 0); font-family: 'MS PGothic'; font-size: medium; font-style: normal; font-variant: normal; font-weight: normal; letter-spacing: normal; line-height: normal; orphans: auto; text-align: start; text-indent: 0px; text-transform: none; white-space: normal; widows: auto; word-spacing: 0px; -webkit-text-stroke-width: 0px;"">
	<p style=""margin: 0mm 0mm 8.35pt; line-height: 16.75pt; background-color: white; background-position: initial initial; background-repeat: initial initial;"">
		<span lang=""EN-US"" style=""font-size: 11pt; font-family: Arial, sans-serif;"">We are constantly changing and improving our Services. We may add or remove functionalities or features, and we may suspend or stop a Service altogether.</span></p>
	<p style=""margin: 8.35pt 0mm; line-height: 16.75pt; background-color: white;"">
		<span lang=""EN-US"" style=""font-size: 11pt; font-family: Arial, sans-serif;"">You can stop using our Services at any time, although we&rsquo;ll be sorry to see you go. ECsite may also stop providing Services to you, or add or create new limits to our Services at any time.</span></p>
</div>
<div style=""color: rgb(0, 0, 0); font-family: 'MS PGothic'; font-size: medium; font-style: normal; font-variant: normal; font-weight: normal; letter-spacing: normal; line-height: normal; orphans: auto; text-align: start; text-indent: 0px; text-transform: none; white-space: normal; widows: auto; word-spacing: 0px; -webkit-text-stroke-width: 0px;"">
	<span style=""font-size: 14px;""><a name=""orderrequest"" style=""color: rgb(0, 75, 145); font-family: Arial; font-size: 13px; line-height: 20px; background-color: rgb(255, 255, 255);""></a></span></div>
<h2 style=""font-style: normal; font-variant: normal; letter-spacing: normal; orphans: auto; text-align: start; text-indent: 0px; text-transform: none; white-space: normal; widows: auto; word-spacing: 0px; -webkit-text-stroke-width: 0px; border-bottom-width: 1px; border-bottom-style: solid; border-bottom-color: rgb(221, 221, 221); font-family: Arial, Verdana, Helvetica, sans-serif; font-size: 1.3em; margin-bottom: 0px; padding-bottom: 2px; padding-top: 1em; line-height: 20px; background-color: rgb(255, 255, 255); color: rgb(227, 120, 16) !important;"">
	<strong>3.&nbsp;</strong><span style=""font-family: Arial, sans-serif; font-size: 13.5pt; line-height: 16.75pt;"">Our Warranties and Disclaimers</span></h2>
<div style=""color: rgb(0, 0, 0); font-family: 'MS PGothic'; font-size: medium; font-style: normal; font-variant: normal; font-weight: normal; letter-spacing: normal; line-height: normal; orphans: auto; text-align: start; text-indent: 0px; text-transform: none; white-space: normal; widows: auto; word-spacing: 0px; -webkit-text-stroke-width: 0px;"">
	We provide our Services using a commercially reasonable level of skill and care and we hope that you will enjoy using them. But there are certain things that we don&rsquo;t promise about our Services.<br />
	OTHER THAN AS EXPRESSLY SET OUT IN THESE TERMS OR ADDITIONAL TERMS, NEITHER ECSITE NOR ITS SUPPLIERS OR DISTRIBUTORS MAKE ANY SPECIFIC PROMISES ABOUT THE SERVICES. FOR EXAMPLE, WE DON&rsquo;T MAKE ANY COMMITMENTS ABOUT THE CONTENT WITHIN THE SERVICES, THE SPECIFIC FUNCTION OF THE SERVICES, OR THEIR RELIABILITY, AVAILABILITY, OR ABILITY TO MEET YOUR NEEDS. WE PROVIDE THE SERVICES &ldquo;AS IS&rdquo;.<br />
	SOME JURISDICTIONS PROVIDE FOR CERTAIN WARRANTIES, LIKE THE IMPLIED WARRANTY OF MERCHANTABILITY, FITNESS FOR A PARTICULAR PURPOSE AND NON-INFRINGEMENT. TO THE EXTENT PERMITTED BY LAW, WE EXCLUDE ALL WARRANTIES.</div>
<div style=""color: rgb(0, 0, 0); font-family: 'MS PGothic'; font-size: medium; font-style: normal; font-variant: normal; font-weight: normal; letter-spacing: normal; line-height: normal; orphans: auto; text-align: start; text-indent: 0px; text-transform: none; white-space: normal; widows: auto; word-spacing: 0px; -webkit-text-stroke-width: 0px;"">
	<a name=""order"" style=""color: rgb(0, 75, 145); font-family: Arial; font-size: 13px; line-height: 20px; background-color: rgb(255, 255, 255);""></a></div>
<h2 style=""font-style: normal; font-variant: normal; letter-spacing: normal; orphans: auto; text-align: start; text-indent: 0px; text-transform: none; white-space: normal; widows: auto; word-spacing: 0px; -webkit-text-stroke-width: 0px; border-bottom-width: 1px; border-bottom-style: solid; border-bottom-color: rgb(221, 221, 221); font-family: Arial, Verdana, Helvetica, sans-serif; font-size: 1.3em; margin-bottom: 0px; padding-bottom: 2px; padding-top: 1em; line-height: 20px; background-color: rgb(255, 255, 255); color: rgb(227, 120, 16) !important;"">
	<strong>4.&nbsp;</strong><span style=""font-family: Arial, sans-serif; font-size: 13.5pt; line-height: 16.75pt;"">About these Terms</span></h2>
<div style=""color: rgb(0, 0, 0); font-family: 'MS PGothic'; font-size: medium; font-style: normal; font-variant: normal; font-weight: normal; letter-spacing: normal; line-height: normal; orphans: auto; text-align: start; text-indent: 0px; text-transform: none; white-space: normal; widows: auto; word-spacing: 0px; -webkit-text-stroke-width: 0px;"">
	<p style=""margin: 0mm 0mm 8.35pt; line-height: 16.75pt; background-color: white; background-position: initial initial; background-repeat: initial initial;"">
		<span lang=""EN-US"" style=""font-size: 11pt; font-family: Arial, sans-serif;"">We may modify these terms or any additional terms that apply to a Service to, for example, reflect changes to the law or changes to our Services. You should look at the terms regularly.&nbsp;</span></p>
</div>
<br class=""Apple-interchange-newline"" />
",en
