﻿oid,name,description,state,startDate,endDate,createDate,updateDate,createBy,updateBy,lockedBy,code,parent
EC2314936,EC01(利用ユーザ001),"利用ユーザグループです。
",V,,,2018-05-02 15:39:11.307+09:00,2018-05-02 15:39:11.307+09:00,2315965,2315965,,samples/ec01/Pub001Group,
EC2315067,EC01(マネージャー001),"マネージャーグループです。
マネージャーグループに属するメンバーは以下の権限が与えられます。

・集計参照可能。
・全ユーザの情報が参照可能。
・商品の仕入れ値が参照可能。",V,,,2018-05-02 15:39:11.307+09:00,2018-05-02 15:39:11.307+09:00,2315965,2315965,,samples/ec01/Mgr001Group,
EC2315068,EC01(オペレーター001),"オペレーターグループです。
オペレーターグループに属するメンバーは以下の制限があります。

・集計参照不可。
・自ユーザの情報のみ参照可能。",V,,,2018-05-02 15:39:11.307+09:00,2018-05-02 15:39:11.307+09:00,2315965,2315965,,samples/ec01/Ope001Group,
