﻿oid,name,description,state,startDate,endDate,createDate,updateDate,createBy,updateBy,lockedBy,language
EC2315488,Java,Javaの説明,V,,,2018-06-07 11:09:59.141+09:00,2018-06-07 11:09:59.141+09:00,74561,74561,,ja
EC2315489,電通総研,電通総研 の説明,V,,,2018-06-07 11:09:59.141+09:00,2018-06-07 11:09:59.141+09:00,74561,74561,,ja
EC2316026,dentsusoken,the description of dentsusoken,V,,,2018-06-07 11:09:59.157+09:00,2018-06-07 11:09:59.157+09:00,74561,74561,,en
EC2316027,Java,the description of java,V,,,2018-06-07 11:09:59.172+09:00,2018-06-07 11:09:59.172+09:00,74561,74561,,en
